{
  "macos/RunnerTests/RunnerTests.swift": 1776388627.6065006,
  "macos/Runner/MainFlutterWindow.swift": 1776388627.6047375,
  "macos/Runner/AppDelegate.swift": 1776388627.582799,
  "macos/Flutter/GeneratedPluginRegistrant.swift": 1777210582.0288062,
  "test/widget_test.dart": 1776440976.854831,
  "ios/RunnerTests/RunnerTests.swift": 1776388627.5614173,
  "ios/Runner/Runner-Bridging-Header.h": 1776388627.5606291,
  "ios/Runner/GeneratedPluginRegistrant.h": 1777210581.9930112,
  "ios/Runner/AppDelegate.swift": 1776388627.543434,
  "ios/Runner/GeneratedPluginRegistrant.m": 1777210581.99651,
  "linux/main.cc": 1776388627.5741496,
  "linux/my_application.h": 1776388627.5753908,
  "linux/my_application.cc": 1776388627.5747988,
  "linux/flutter/generated_plugin_registrant.cc": 1777210582.0209048,
  "linux/flutter/generated_plugin_registrant.h": 1777210582.0139022,
  "android/app/src/main/java/io/flutter/plugins/GeneratedPluginRegistrant.java": 1777210581.9822671,
  "android/app/src/main/kotlin/com/example/school_app/MainActivity.kt": 1776388627.5078743,
  "lib/firebase_options.dart": 1776584463.6550422,
  "lib/main.dart": 1777170750.6649036,
  "lib/theme.dart": 1777170758.106889,
  "lib/models/exam.dart": 1776992073.9683588,
  "lib/models/announcement.dart": 1776908353.864652,
  "lib/models/timetable_entry.dart": 1776538860.5366957,
  "lib/models/homework.dart": 1776994204.154239,
  "lib/models/copy_check.dart": 1776993046.7157686,
  "lib/models/teacher.dart": 1776475349.7628653,
  "lib/models/fee.dart": 1776908539.1815503,
  "lib/models/student.dart": 1776472869.496408,
  "lib/models/substitution_record.dart": 1776994769.4561098,
  "lib/screens/analytics_screen.dart": 1777046924.9961417,
  "lib/screens/add_student_screen.dart": 1777139554.284326,
  "lib/screens/fee_structure_screen.dart": 1777046702.1726587,
  "lib/screens/coordinator_dashboard.dart": 1777170403.7432578,
  "lib/screens/assign_duties_screen.dart": 1777139923.7372472,
  "lib/screens/class_picker_screen.dart": 1777139557.7009735,
  "lib/screens/student_details_screen.dart": 1777139860.808514,
  "lib/screens/teacher_management_screen.dart": 1777139792.8205564,
  "lib/screens/bell_settings_screen.dart": 1777047003.5716512,
  "lib/screens/announcements_screen.dart": 1777139603.4224145,
  "lib/screens/guardian_dashboard.dart": 1777208437.9874194,
  "lib/screens/attendance_certificate_screen.dart": 1777046694.741162,
  "lib/screens/fee_collection_screen.dart": 1777046752.9285576,
  "lib/screens/timetable_editor_screen.dart": 1777047259.0995324,
  "lib/screens/daily_calls_screen.dart": 1777046642.4453878,
  "lib/screens/substitution_history_screen.dart": 1777112842.8606257,
  "lib/screens/student_list_screen.dart": 1777138459.6566646,
  "lib/screens/teacher_profile_screen.dart": 1777139668.7343857,
  "lib/screens/report_card_screen.dart": 1777047183.2254488,
  "lib/screens/notifications_screen.dart": 1777047151.1544154,
  "lib/screens/homework_overview_screen.dart": 1777139632.099052,
  "lib/screens/copy_check_overview_screen.dart": 1777139650.9301093,
  "lib/screens/free_bells_screen.dart": 1777047067.6472368,
  "lib/screens/attendance_screen.dart": 1777138608.1209671,
  "lib/screens/admin_screen.dart": 1777140439.6535537,
  "lib/screens/timetable_settings_screen.dart": 1777139725.1416328,
  "lib/screens/attendance_class_detail_screen.dart": 1777139561.191331,
  "lib/screens/login_screen.dart": 1777139564.7186706,
  "lib/screens/leave_requests_screen.dart": 1777139585.836068,
  "lib/screens/exam_management_screen.dart": 1777046969.5993862,
  "lib/screens/attendance_history_screen.dart": 1777139577.7760363,
  "lib/screens/leave_application_screen.dart": 1777139592.7447371,
  "lib/screens/marks_entry_screen.dart": 1777047128.0340052,
  "lib/screens/homework_screen.dart": 1777139624.6490674,
  "lib/screens/principal_dashboard.dart": 1777170428.6795166,
  "lib/screens/home_screen.dart": 1777170484.2180178,
  "lib/screens/copy_checking_screen.dart": 1777139642.9784777,
  "lib/screens/my_timetable_screen.dart": 1777138419.3105495,
  "lib/screens/role_selection_screen.dart": 1777139838.831248,
  "lib/services/substitution_history_service.dart": 1776994781.8002083,
  "lib/services/homework_service.dart": 1777196046.8407972,
  "lib/services/copy_check_service.dart": 1776993064.3086722,
  "lib/services/auth_service.dart": 1776906969.6721938,
  "lib/services/exam_service.dart": 1776992097.3939047,
  "lib/services/notification_service.dart": 1776908452.8461993,
  "lib/services/student_service.dart": 1777020752.1977818,
  "lib/services/timetable_service.dart": 1777140345.4776587,
  "lib/services/offline_queue_service.dart": 1777020743.2292132,
  "lib/services/fee_service.dart": 1776992635.6582575,
  "lib/services/announcement_service.dart": 1776908363.6033633,
  "windows/runner/flutter_window.cpp": 1776388627.626397,
  "windows/runner/utils.h": 1776388627.6376734,
  "windows/runner/utils.cpp": 1776388627.6353643,
  "windows/runner/win32_window.h": 1776388627.64471,
  "windows/runner/win32_window.cpp": 1776388627.6395662,
  "windows/runner/resource.h": 1776388627.6308815,
  "windows/runner/main.cpp": 1776388627.6297364,
  "windows/runner/flutter_window.h": 1776388627.6279435,
  "windows/flutter/generated_plugin_registrant.cc": 1777210582.0414739,
  "windows/flutter/generated_plugin_registrant.h": 1777210582.0371015,
  "README.md": 1776388627.5038905,
  "web/index.html": 1776388627.6145055,
  "ios/Runner/Assets.xcassets/LaunchImage.imageset/README.md": 1776388627.5579758,
  "graphify-out/graph.html": 1777211075.2406573,
  "graphify-out/GRAPH_REPORT.md": 1777211047.3374135,
  "linux/CMakeLists.txt": 1776388627.5704057,
  "linux/flutter/CMakeLists.txt": 1776388627.571359,
  "windows/CMakeLists.txt": 1776388627.6168542,
  "windows/runner/CMakeLists.txt": 1776388627.6240466,
  "windows/flutter/CMakeLists.txt": 1776388627.618388,
  "macos/Runner/Assets.xcassets/AppIcon.appiconset/app_icon_16.png": 1776388627.5903833,
  "macos/Runner/Assets.xcassets/AppIcon.appiconset/app_icon_1024.png": 1776388627.585922,
  "macos/Runner/Assets.xcassets/AppIcon.appiconset/app_icon_256.png": 1776388627.5924318,
  "macos/Runner/Assets.xcassets/AppIcon.appiconset/app_icon_64.png": 1776388627.597739,
  "macos/Runner/Assets.xcassets/AppIcon.appiconset/app_icon_512.png": 1776388627.596634,
  "macos/Runner/Assets.xcassets/AppIcon.appiconset/app_icon_128.png": 1776388627.5886722,
  "macos/Runner/Assets.xcassets/AppIcon.appiconset/app_icon_32.png": 1776388627.5935762,
  "web/favicon.png": 1776388627.6096478,
  "web/icons/Icon-192.png": 1776388627.610568,
  "web/icons/Icon-maskable-192.png": 1776388627.6123986,
  "web/icons/Icon-maskable-512.png": 1776388627.6136463,