{
  "macos/RunnerTests/RunnerTests.swift": 1772555768.255569,
  "macos/Runner/MainFlutterWindow.swift": 1713387263.0,
  "macos/Runner/AppDelegate.swift": 1713387263.0,
  "macos/Flutter/GeneratedPluginRegistrant.swift": 1778580144.6227562,
  "test/widget_test.dart": 1777374174.2178164,
  "ios/RunnerTests/RunnerTests.swift": 1772555768.3823335,
  "ios/Runner/Runner-Bridging-Header.h": 1713387263.0,
  "ios/Runner/GeneratedPluginRegistrant.h": 1778580144.5906234,
  "ios/Runner/AppDelegate.swift": 1713387263.0,
  "ios/Runner/GeneratedPluginRegistrant.m": 1778580144.5951,
  "linux/main.cc": 1713387263.0,
  "linux/my_application.h": 1713387263.0,
  "linux/my_application.cc": 1772555768.418206,
  "linux/flutter/generated_plugin_registrant.cc": 1778580144.6127486,
  "linux/flutter/generated_plugin_registrant.h": 1778580144.6092236,
  "android/app/src/main/java/io/flutter/plugins/GeneratedPluginRegistrant.java": 1778580144.584394,
  "android/app/src/main/kotlin/com/example/school_app/MainActivity.kt": 1772555768.3760364,
  "lib/firebase_options.dart": 1777374174.1242523,
  "lib/main.dart": 1778579434.9509382,
  "lib/theme.dart": 1778418644.9371877,
  "lib/providers/auth_provider.dart": 1776303593.8309531,
  "lib/providers/theme_provider.dart": 1776305018.8130703,
  "lib/models/school.dart": 1778546968.8824508,
  "lib/models/exam.dart": 1777374174.130699,
  "lib/models/student_remark.dart": 1777912636.249722,
  "lib/models/announcement.dart": 1777374174.12775,
  "lib/models/timetable_entry.dart": 1777374174.1393468,
  "lib/models/staff_task.dart": 1778546612.835846,
  "lib/models/student_profile_data.dart": 1776320633.2549636,
  "lib/models/calendar_event.dart": 1778460530.2185087,
  "lib/models/task.dart": 1778117838.3563004,
  "lib/models/homework.dart": 1777374174.1330945,
  "lib/models/app_user.dart": 1778235404.6753414,
  "lib/models/copy_check.dart": 1778296625.706421,
  "lib/models/attendance_status.dart": 1776305006.3125012,
  "lib/models/teacher.dart": 1778575411.2265468,
  "lib/models/fee.dart": 1777374174.1318328,
  "lib/models/gallery_album.dart": 1777813171.4731116,
  "lib/models/student.dart": 1778235398.1228857,
  "lib/models/substitution_record.dart": 1777374174.1373909,
  "lib/models/school_contact.dart": 1778460753.8918455,
  "lib/models/guardian_student_details.dart": 1778171789.1697147,
  "lib/models/gallery_photo.dart": 1777813171.474713,
  "lib/screens/analytics_screen.dart": 1778511188.7730062,
  "lib/screens/task_status_screen.dart": 1778187764.0221186,
  "lib/screens/scan_students_screen.dart": 1778344274.6750734,
  "lib/screens/add_student_screen.dart": 1778238401.2763834,
  "lib/screens/teacher_tasks_screen.dart": 1778117890.6923664,
  "lib/screens/school_registration_screen.dart": 1778547140.668843,
  "lib/screens/fee_structure_screen.dart": 1777813171.5203986,
  "lib/screens/student_profile_screen.dart": 1778251985.9442036,
  "lib/screens/student_remarks_screen.dart": 1778234442.3980572,
  "lib/screens/coordinator_dashboard.dart": 1778579546.8050277,
  "lib/screens/assign_duties_screen.dart": 1777813171.4907253,
  "lib/screens/class_picker_screen.dart": 1777912636.1480792,
  "lib/screens/student_details_screen.dart": 1777912636.2128139,
  "lib/screens/teacher_management_screen.dart": 1778597175.7965682,
  "lib/screens/bell_settings_screen.dart": 1777374174.1601532,
  "lib/screens/class_setup_screen.dart": 1778434804.1159754,
  "lib/screens/announcements_screen.dart": 1778116946.792781,
  "lib/screens/guardian_dashboard.dart": 1778590409.5338032,
  "lib/screens/attendance_certificate_screen.dart": 1777374174.1537032,
  "lib/screens/history_screen.dart": 1776305264.8660998,
  "lib/screens/fee_collection_screen.dart": 1777856861.7124984,
  "lib/screens/timetable_editor_screen.dart": 1777940846.1842906,
  "lib/screens/reports_screen.dart": 1778344232.5635114,
  "lib/screens/daily_calls_screen.dart": 1778251918.2386723,
  "lib/screens/test_marking_screen.dart": 1776321941.489539,
  "lib/screens/substitution_history_screen.dart": 1777813171.5664942,
  "lib/screens/student_list_screen.dart": 1778436398.3272893,
  "lib/screens/teacher_profile_screen.dart": 1777813171.569997,
  "lib/screens/report_card_screen.dart": 1777856861.716101,
  "lib/screens/notifications_screen.dart": 1778511341.4719498,
  "lib/screens/create_task_screen.dart": 1778117880.0978622,
  "lib/screens/guardian_student_details_screen.dart": 1778177655.2883701,
  "lib/screens/school_policy_screen.dart": 1778436448.44993,
  "lib/screens/homework_overview_screen.dart": 1777813171.53766,
  "lib/screens/student_selection_screen.dart": 1778579428.6329672,
  "lib/screens/calendar_screen.dart": 1778511880.603919,
  "lib/screens/copy_check_overview_screen.dart": 1778296096.957248,
  "lib/screens/free_bells_screen.dart": 1777940761.7565289,
  "lib/screens/task_marking_screen.dart": 1778187406.1134717,
  "lib/screens/guardian_details_list_screen.dart": 1778179497.8811889,
  "lib/screens/attendance_screen.dart": 1778590331.0065453,
  "lib/screens/test_creation_screen.dart": 1776321906.2663229,
  "lib/screens/admin_screen.dart": 1778546844.5797482,
  "lib/screens/class_management_screen.dart": 1778344218.9282284,
  "lib/screens/timetable_settings_screen.dart": 1778432427.9545696,
  "lib/screens/attendance_class_detail_screen.dart": 1778436412.4692693,
  "lib/screens/login_screen.dart": 1777813171.5477345,
  "lib/screens/leave_requests_screen.dart": 1777912636.1944394,
  "lib/screens/exam_management_screen.dart": 1777856861.7099867,
  "lib/screens/attendance_report_screen.dart": 1778579582.6521845,
  "lib/screens/attendance_history_screen.dart": 1777856861.7022688,
  "lib/screens/leave_application_screen.dart": 1778580111.1900637,
  "lib/screens/marks_entry_screen.dart": 1777944963.6643155,
  "lib/screens/timetable_screen.dart": 1776358639.6265614,
  "lib/screens/homework_screen.dart": 1778296266.8864002,
  "lib/screens/principal_dashboard.dart": 1778579559.8636756,
  "lib/screens/home_screen.dart": 1778579607.86015,
  "lib/screens/school_contacts_screen.dart": 1778461766.2647831,
  "lib/screens/copy_checking_screen.dart": 1778340724.1333992,
  "lib/screens/class_selection_screen.dart": 1776358740.9712327,
  "lib/screens/my_timetable_screen.dart": 1778202578.6964307,
  "lib/screens/role_selection_screen.dart": 1778579412.9053168,
  "lib/screens/tasks/staff_task_management_screen.dart": 1778546739.1425073,
  "lib/screens/tasks/create_staff_task_screen.dart": 1778579208.776176,
  "lib/screens/tasks/staff_task_analytics_view.dart": 1778547285.7342432,
  "lib/screens/tasks/staff_task_detail_screen.dart": 1778546717.2466013,
  "lib/screens/gallery/fullscreen_photo_viewer.dart": 1778252046.252664,
  "lib/screens/gallery/album_detail_screen.dart": 1777813171.5223906,
  "lib/screens/gallery/create_album_screen.dart": 1777813171.5238755,
  "lib/screens/gallery/gallery_home_screen.dart": 1777813171.5279534,
  "lib/data/student_data.dart": 1778344203.4213114,
  "lib/services/substitution_history_service.dart": 1777374174.2086277,
  "lib/services/attendance_service.dart": 1778522313.5215335,
  "lib/services/calendar_service.dart": 1778462309.7661338,
  "lib/services/firestore_service.dart": 1776387808.8000422,
  "lib/services/school_service.dart": 1778547128.8138876,
  "lib/services/task_service.dart": 1778579273.6118302,
  "lib/services/homework_service.dart": 1778575657.213193,
  "lib/services/copy_check_service.dart": 1778344440.7721996,
  "lib/services/auth_service.dart": 1778546758.5399013,
  "lib/services/exam_service.dart": 1778579308.524092,
  "lib/services/gallery_service.dart": 1777813171.5827172,
  "lib/services/notification_service.dart": 1778579259.9893444,
  "lib/services/student_service.dart": 1778579244.479309,
  "lib/services/timetable_service.dart": 1778579497.290426,
  "lib/services/staff_task_service.dart": 1778579319.559177,
  "lib/services/audit_log_service.dart": 1778579331.161752,
  "lib/services/user_service.dart": 1776303563.9439375,