{
  "macos/RunnerTests/RunnerTests.swift": 1776388627.6065006,
  "macos/Runner/MainFlutterWindow.swift": 1776388627.6047375,
  "macos/Runner/AppDelegate.swift": 1776388627.582799,
  "macos/Flutter/GeneratedPluginRegistrant.swift": 1778516601.1962135,
  "test/widget_test.dart": 1776440976.854831,
  "ios/RunnerTests/RunnerTests.swift": 1776388627.5614173,
  "ios/Runner/Runner-Bridging-Header.h": 1776388627.5606291,
  "ios/Runner/GeneratedPluginRegistrant.h": 1778516601.156007,
  "ios/Runner/AppDelegate.swift": 1776388627.543434,
  "ios/Runner/GeneratedPluginRegistrant.m": 1778516601.1621656,
  "linux/main.cc": 1776388627.5741496,
  "linux/my_application.h": 1776388627.5753908,
  "linux/my_application.cc": 1776388627.5747988,
  "linux/flutter/generated_plugin_registrant.cc": 1778516601.1829731,
  "linux/flutter/generated_plugin_registrant.h": 1778516601.1808143,
  "android/app/src/main/java/io/flutter/plugins/GeneratedPluginRegistrant.java": 1778516601.1454978,
  "android/app/src/main/kotlin/com/example/school_app/MainActivity.kt": 1776388627.5078743,
  "lib/firebase_options.dart": 1776584463.6550422,
  "lib/main.dart": 1777170750.6649036,
  "lib/theme.dart": 1777170758.106889,
  "lib/providers/auth_provider.dart": 1778516533.3302124,
  "lib/providers/theme_provider.dart": 1778516533.3317137,
  "lib/models/exam.dart": 1776992073.9683588,
  "lib/models/student_remark.dart": 1778516533.3265057,
  "lib/models/announcement.dart": 1776908353.864652,
  "lib/models/timetable_entry.dart": 1776538860.5366957,
  "lib/models/staff_task.dart": 1778516539.4153402,
  "lib/models/student_profile_data.dart": 1778516533.3223238,
  "lib/models/homework.dart": 1776994204.154239,
  "lib/models/app_user.dart": 1778516533.3199115,
  "lib/models/copy_check.dart": 1776993046.7157686,
  "lib/models/attendance_status.dart": 1778516533.3205583,
  "lib/models/teacher.dart": 1776475349.7628653,
  "lib/models/fee.dart": 1776908539.1815503,
  "lib/models/gallery_album.dart": 1777423885.5288236,
  "lib/models/student.dart": 1777562063.5923731,
  "lib/models/substitution_record.dart": 1776994769.4561098,
  "lib/models/gallery_photo.dart": 1777423891.4926124,
  "lib/screens/analytics_screen.dart": 1777046924.9961417,
  "lib/screens/scan_students_screen.dart": 1778516533.3656447,
  "lib/screens/add_student_screen.dart": 1777787164.74291,
  "lib/screens/staff_tasks_screen.dart": 1778516539.4172544,
  "lib/screens/fee_structure_screen.dart": 1777803788.203237,
  "lib/screens/student_profile_screen.dart": 1778516533.3679273,
  "lib/screens/guardian_portal_screen.dart": 1778516533.3542116,
  "lib/screens/student_remarks_screen.dart": 1778516533.3699079,
  "lib/screens/coordinator_dashboard.dart": 1778516556.7358265,
  "lib/screens/staff_task_management_screen.dart": 1778516539.4167218,
  "lib/screens/assign_duties_screen.dart": 1777139923.7372472,
  "lib/screens/class_picker_screen.dart": 1778516533.3378327,
  "lib/screens/student_details_screen.dart": 1778516533.3662453,
  "lib/screens/teacher_management_screen.dart": 1777787200.2275999,
  "lib/screens/bell_settings_screen.dart": 1777047003.5716512,
  "lib/screens/announcements_screen.dart": 1778516533.332697,
  "lib/screens/guardian_dashboard.dart": 1778516533.349089,
  "lib/screens/attendance_certificate_screen.dart": 1777046694.741162,
  "lib/screens/history_screen.dart": 1778516533.3554933,
  "lib/screens/fee_collection_screen.dart": 1777832412.8492894,
  "lib/screens/timetable_editor_screen.dart": 1777047259.0995324,
  "lib/screens/reports_screen.dart": 1778516533.3643935,
  "lib/screens/daily_calls_screen.dart": 1777856618.7037978,
  "lib/screens/principal_digest_screen.dart": 1778516539.4160674,
  "lib/screens/test_marking_screen.dart": 1778516533.3776736,
  "lib/screens/substitution_plan_screen.dart": 1777940578.3281593,
  "lib/screens/substitution_history_screen.dart": 1777112842.8606257,
  "lib/screens/student_list_screen.dart": 1777855161.7870877,
  "lib/screens/teacher_profile_screen.dart": 1777139668.7343857,
  "lib/screens/report_card_screen.dart": 1777833664.6607692,
  "lib/screens/notifications_screen.dart": 1777475928.7678244,
  "lib/screens/teacher_dashboard_screen.dart": 1778516533.3756354,
  "lib/screens/homework_overview_screen.dart": 1777139632.099052,
  "lib/screens/principal_home.dart": 1778516533.3626344,
  "lib/screens/copy_check_overview_screen.dart": 1777832331.7347116,
  "lib/screens/free_bells_screen.dart": 1777047067.6472368,
  "lib/screens/attendance_screen.dart": 1778516533.3340175,
  "lib/screens/test_creation_screen.dart": 1778516533.3769102,
  "lib/screens/admin_screen.dart": 1777787292.0185857,
  "lib/screens/class_management_screen.dart": 1778516533.3369546,
  "lib/screens/timetable_settings_screen.dart": 1777423516.0270157,
  "lib/screens/attendance_class_detail_screen.dart": 1777139561.191331,
  "lib/screens/login_screen.dart": 1777139564.7186706,
  "lib/screens/subject_teacher_home.dart": 1778516533.371765,
  "lib/screens/leave_requests_screen.dart": 1777940507.6219873,
  "lib/screens/guardian_home.dart": 1778516533.3522005,
  "lib/screens/exam_management_screen.dart": 1777833669.8120434,
  "lib/screens/coordinator_home.dart": 1778516533.3443441,
  "lib/screens/attendance_history_screen.dart": 1777833555.5696409,
  "lib/screens/leave_application_screen.dart": 1777787364.4324193,
  "lib/screens/marks_entry_screen.dart": 1777833590.6612608,
  "lib/screens/timetable_screen.dart": 1778516533.3784137,
  "lib/screens/homework_screen.dart": 1777787723.0665185,
  "lib/screens/auth_gate.dart": 1778516533.3357909,
  "lib/screens/principal_dashboard.dart": 1778516539.3741214,
  "lib/screens/home_screen.dart": 1778516557.5822942,
  "lib/screens/copy_checking_screen.dart": 1778516533.347433,
  "lib/screens/class_selection_screen.dart": 1778516533.3391163,
  "lib/screens/my_timetable_screen.dart": 1777227873.0735059,
  "lib/screens/role_selection_screen.dart": 1777787327.1464214,
  "lib/screens/gallery/fullscreen_photo_viewer.dart": 1777424383.84154,
  "lib/screens/gallery/album_detail_screen.dart": 1777509753.09847,
  "lib/screens/gallery/create_album_screen.dart": 1777803863.1838274,
  "lib/screens/gallery/gallery_home_screen.dart": 1777509794.37287,
  "lib/data/student_data.dart": 1778516533.3191066,
  "lib/services/substitution_history_service.dart": 1776994781.8002083,
  "lib/services/attendance_service.dart": 1778516533.379978,
  "lib/services/firestore_service.dart": 1778516533.3826497,
  "lib/services/homework_service.dart": 1777196046.8407972,
  "lib/services/copy_check_service.dart": 1776993064.3086722,
  "lib/services/auth_service.dart": 1777228781.947635,
  "lib/services/exam_service.dart": 1776992097.3939047,
  "lib/services/gallery_service.dart": 1777509230.7563298,
  "lib/services/notification_service.dart": 1777940334.4179122,
  "lib/services/student_service.dart": 1778516533.383362,
  "lib/services/timetable_service.dart": 1777940539.405448,
  "lib/services/substitution_suggester_service.dart": 1777940392.5001554,
  "lib/services/staff_task_service.dart": 1778516539.418211,
  "lib/services/principal_digest_service.dart": 1778516539.417782,
  "lib/services/user_service.dart": 1778516533.384213,
  "lib/services/offline_queue_service.dart": 1777020743.2292132,
  "lib/services/fee_service.dart": 1776992635.6582575,
  "lib/services/export_service.dart": 1778516533.3815324,
  "lib/services/announcement_service.dart": 1778516533.3789804,
  "lib/widgets/student_remarks_widget.dart": 1778516533.3848553,
  "windows/runner/flutter_window.cpp": 1776388627.626397,
  "windows/runner/utils.h": 1776388627.6376734,
  "windows/runner/utils.cpp": 1776388627.6353643,
  "windows/runner/win32_window.h": 1776388627.64471,
  "windows/runner/win32_window.cpp": 1776388627.6395662,
  "windows/runner/resource.h": 1776388627.6308815,
  "windows/runner/main.cpp": 1776388627.6297364,
  "windows/runner/flutter_window.h": 1776388627.6279435,
  "windows/flutter/generated_plugin_registrant.cc": 1778516601.21002,