{
  "macos/RunnerTests/RunnerTests.swift": 1772555768.255569,
  "macos/Runner/MainFlutterWindow.swift": 1713387263.0,
  "macos/Runner/AppDelegate.swift": 1713387263.0,
  "macos/Flutter/GeneratedPluginRegistrant.swift": 1777422534.9336362,
  "test/widget_test.dart": 1777374174.2178164,
  "ios/RunnerTests/RunnerTests.swift": 1772555768.3823335,
  "ios/Runner/Runner-Bridging-Header.h": 1713387263.0,
  "ios/Runner/GeneratedPluginRegistrant.h": 1777422534.882118,
  "ios/Runner/AppDelegate.swift": 1713387263.0,
  "ios/Runner/GeneratedPluginRegistrant.m": 1777422534.8864121,
  "linux/main.cc": 1713387263.0,
  "linux/my_application.h": 1713387263.0,
  "linux/my_application.cc": 1772555768.418206,
  "linux/flutter/generated_plugin_registrant.cc": 1777422534.9207802,
  "linux/flutter/generated_plugin_registrant.h": 1777422534.9150639,
  "android/app/src/main/java/io/flutter/plugins/GeneratedPluginRegistrant.java": 1777422534.8738446,
  "android/app/src/main/kotlin/com/example/school_app/MainActivity.kt": 1772555768.3760364,
  "lib/firebase_options.dart": 1777374174.1242523,
  "lib/main.dart": 1777374174.125969,
  "lib/theme.dart": 1777374174.2096608,
  "lib/providers/auth_provider.dart": 1776303593.8309531,
  "lib/providers/theme_provider.dart": 1776305018.8130703,
  "lib/models/exam.dart": 1777374174.130699,
  "lib/models/announcement.dart": 1777374174.12775,
  "lib/models/timetable_entry.dart": 1777374174.1393468,
  "lib/models/student_profile_data.dart": 1776320633.2549636,
  "lib/models/homework.dart": 1777374174.1330945,
  "lib/models/app_user.dart": 1776358595.292527,
  "lib/models/copy_check.dart": 1777374174.1296587,
  "lib/models/attendance_status.dart": 1776305006.3125012,
  "lib/models/teacher.dart": 1777374174.13821,
  "lib/models/fee.dart": 1777374174.1318328,
  "lib/models/student.dart": 1777374174.136499,
  "lib/models/substitution_record.dart": 1777374174.1373909,
  "lib/screens/analytics_screen.dart": 1777374174.1510391,
  "lib/screens/scan_students_screen.dart": 1776274765.7976654,
  "lib/screens/add_student_screen.dart": 1777374174.1415858,
  "lib/screens/fee_structure_screen.dart": 1777374174.1705487,
  "lib/screens/student_profile_screen.dart": 1776320792.9473217,
  "lib/screens/guardian_portal_screen.dart": 1776319578.0968688,
  "lib/screens/coordinator_dashboard.dart": 1777374174.1625292,
  "lib/screens/assign_duties_screen.dart": 1777374174.1523411,
  "lib/screens/class_picker_screen.dart": 1777374174.1612463,
  "lib/screens/student_details_screen.dart": 1777374174.1907098,
  "lib/screens/teacher_management_screen.dart": 1777374174.1935284,
  "lib/screens/bell_settings_screen.dart": 1777374174.1601532,
  "lib/screens/announcements_screen.dart": 1777374174.1518943,
  "lib/screens/guardian_dashboard.dart": 1777374174.1723356,
  "lib/screens/attendance_certificate_screen.dart": 1777374174.1537032,
  "lib/screens/history_screen.dart": 1776305264.8660998,
  "lib/screens/fee_collection_screen.dart": 1777374174.1696942,
  "lib/screens/timetable_editor_screen.dart": 1777374174.1964483,
  "lib/screens/reports_screen.dart": 1776319549.6364832,
  "lib/screens/daily_calls_screen.dart": 1777374174.1663156,
  "lib/screens/test_marking_screen.dart": 1776321941.489539,
  "lib/screens/substitution_history_screen.dart": 1777374174.192236,
  "lib/screens/student_list_screen.dart": 1777374174.1914985,
  "lib/screens/teacher_profile_screen.dart": 1777374174.1948934,
  "lib/screens/report_card_screen.dart": 1777374174.188531,
  "lib/screens/notifications_screen.dart": 1777374174.1865036,
  "lib/screens/teacher_dashboard_screen.dart": 1776322061.9369247,
  "lib/screens/homework_overview_screen.dart": 1777374174.1756961,
  "lib/screens/principal_home.dart": 1776388043.618637,
  "lib/screens/copy_check_overview_screen.dart": 1777374174.1636221,
  "lib/screens/free_bells_screen.dart": 1777374174.1717134,
  "lib/screens/attendance_screen.dart": 1777374174.1585126,
  "lib/screens/test_creation_screen.dart": 1776321906.2663229,
  "lib/screens/admin_screen.dart": 1777374174.1441808,
  "lib/screens/class_management_screen.dart": 1776321997.776889,
  "lib/screens/timetable_settings_screen.dart": 1777374174.1977494,
  "lib/screens/attendance_class_detail_screen.dart": 1777374174.1545548,
  "lib/screens/login_screen.dart": 1777374174.1815515,
  "lib/screens/subject_teacher_home.dart": 1776358710.426374,
  "lib/screens/leave_requests_screen.dart": 1777374174.1786628,
  "lib/screens/guardian_home.dart": 1776387109.4755156,
  "lib/screens/exam_management_screen.dart": 1777374174.167551,
  "lib/screens/coordinator_home.dart": 1776387095.5641055,
  "lib/screens/attendance_history_screen.dart": 1777374174.1555848,
  "lib/screens/leave_application_screen.dart": 1777374174.177695,
  "lib/screens/marks_entry_screen.dart": 1777374174.1845007,
  "lib/screens/timetable_screen.dart": 1776358639.6265614,
  "lib/screens/homework_screen.dart": 1777374174.1764193,
  "lib/screens/auth_gate.dart": 1776387998.8309627,
  "lib/screens/principal_dashboard.dart": 1777374174.1874926,
  "lib/screens/home_screen.dart": 1777374174.1746352,
  "lib/screens/copy_checking_screen.dart": 1777374174.164899,
  "lib/screens/class_selection_screen.dart": 1776358740.9712327,
  "lib/screens/my_timetable_screen.dart": 1777374174.1854413,
  "lib/screens/role_selection_screen.dart": 1777374174.1894624,
  "lib/data/student_data.dart": 1772682119.037376,
  "lib/services/substitution_history_service.dart": 1777374174.2086277,
  "lib/services/attendance_service.dart": 1776305055.0770955,
  "lib/services/firestore_service.dart": 1776387808.8000422,
  "lib/services/homework_service.dart": 1777374174.205176,
  "lib/services/copy_check_service.dart": 1777374174.2029114,
  "lib/services/auth_service.dart": 1777374174.2022064,
  "lib/services/exam_service.dart": 1777374174.2038097,
  "lib/services/notification_service.dart": 1777374174.2070048,
  "lib/services/student_service.dart": 1777374174.207972,
  "lib/services/timetable_service.dart": 1777374174.2093046,
  "lib/services/user_service.dart": 1776303563.9439375,
  "lib/services/offline_queue_service.dart": 1777374174.207558,
  "lib/services/fee_service.dart": 1777374174.2045972,
  "lib/services/export_service.dart": 1776305037.7962677,
  "lib/services/announcement_service.dart": 1777374174.1996732,
  "windows/runner/flutter_window.cpp": 1713387263.0,
  "windows/runner/utils.h": 1713387263.0,
  "windows/runner/utils.cpp": 1713387263.0,
  "windows/runner/win32_window.h": 1713387263.0,
  "windows/runner/win32_window.cpp": 1713387263.0,
  "windows/runner/resource.h": 1713387263.0,
  "windows/runner/main.cpp": 1772555768.132337,
  "windows/runner/flutter_window.h": 1713387263.0,
  "windows/flutter/generated_plugin_registrant.cc": 1777422534.9433582,
  "windows/flutter/generated_plugin_registrant.h": 1777422534.9403765,
  "DESIGN_BRIEF.md": 1777080226.5238364,
  "README.md": 1772555768.1051958,
  "web/index.html": 1772555768.2351217,
  "docs/DATA_MODEL.md": 1776565065.2521906,
  "docs/DONE.md": 1776565045.0483615,
  "docs/SPEC.md": 1776565116.7025201,
  "docs/DESIGN.md": 1776565090.8511484,
  "ios/Runner/Assets.xcassets/LaunchImage.imageset/README.md": 1713387263.0,
  "graphify-out/graph.html": 1777474447.2423322,
  "graphify-out/GRAPH_REPORT.md": 1777474438.8662188,
  "linux/CMakeLists.txt": 1772555768.4270566,
  "linux/flutter/CMakeLists.txt": 1713387263.0,
  "windows/CMakeLists.txt": 1772555768.1434112,
  "windows/runner/CMakeLists.txt": 1713387263.0,